80, "assets.cursors.Aim"
81, "assets.physics.Box"
82, "assets.enemies.Zombie"
83, "assets.maps.testMap.Physics"
84, "assets.maps.TestMap"
85, "assets.characters.avatar.Idle"
86, "assets.bullets.Bullet"
87, "assets.maps.testMap.Background"
88, "assets.physics.Circle"
89, "assets.characters.avatar.Walk"
90, "assets.maps.testMap.AvatarSpawns"
92, "assets.characters.avatar.Legs"
93, "assets.weapons.RocketLauncher"
94, "assets.characters.avatar.LegsBackward"
95, "assets.effects.Explosion"
96, "assets.blood.Blood"
97, "assets.characters.avatar.LegsSide"
98, "assets.weapons.Pistol"
99, "assets.characters.avatar.BodyPistol"
100, "assets.weapons.Rifle"
101, "assets.loot.Drop"
102, "assets.loot.Loot"
103, "assets.loot.Detail"
104, "assets.characters.avatar.LegsIdle"
105, "assets.characters.avatar.Body"
106, "assets.maps.testMap.Roof"
107, "assets.maps.testMap.Background2"
74, "assets.editor.nodeGraphic"
75, "assets.editor.treasureSpawn"
76, "assets.enemies.Zombie"
77, "assets.editor.avatarSpawn"
78, "assets.editor.enemySpawn"
79, "assets.characters.avatar.Walk"
91, "assets.editor.tempDoor"
108, "asset.editor.testUpload"
109, "assets.maps.lastStand"
110, "assets.maps.onslaught"
161, "DevastatorImg"
162, "process.clip.test.devastatorClip.parts"
163, "process.clip.test.devastatorClip"
164, "Bloater"
165, "process.clip.test.bloaterClip"
166, "process.clip.test.bloaterClip.parts"
497, "assets.ui.weapon.mgl140"
498, "assets.ui.weapon.m4a1"
499, "assets.ui.weapon.mp7"
500, "assets.ui.weapon.asrhc1"
501, "assets.ui.weapon.stoeger"
502, "assets.ui.weapon.rpg7"
503, "assets.ui.weapon.ak47"
504, "assets.ui.weapon.deagle"
506, "assets.ui.weapon.unknown"
689, "Button_selectedOverSkin"
690, "HeaderRenderer_overSkin"
691, "fl.controls.SelectableList"
692, "assets.ui.weaponIcon.Gun4"
693, "assets.ui.weaponIcon.Gun16"
694, "HeaderRenderer_selectedOverSkin"
695, "assets.ui.view.WeaponUpgradeMidDetails"
696, "fl.controls.listClasses.CellRenderer"
697, "HeaderRenderer_selectedDisabledSkin"
698, "assets.ui.view.ButtonAugmentation"
699, "assets.ui.weaponIcon.Gun2"
700, "RadioButton_upIcon"
701, "fl.controls.ButtonLabelPlacement"
702, "assets.ui.weapon.ak47"
703, "fl.controls.LabelButton"
704, "assets.ui.view.HudView"
705, "fl.events.DataGridEvent"
706, "fl.containers.BaseScrollPane"
707, "Button_selectedDownSkin"
708, "assets.ui.weapon.mgl140"
709, "assets.ui.weaponIcon.Gun5"
710, "assets.ui.view.hud.HudBarPercentage"
711, "Button_emphasizedSkin"
712, "fl.managers.IFocusManagerGroup"
713, "ScrollBar_thumbIcon"
714, "assets.ui.view.inventory.AugmentationStats"
715, "assets.ui.weaponIcon.Gun20"
716, "assets.ui.view.hud.HudBottomRight"
717, "Button_downSkin"
718, "HeaderRenderer_selectedUpSkin"
719, "assets.ui.view.Bar"
720, "assets.ui.weaponIcon.Gun18"
721, "assets.ui.weaponIcon.Gun10"
722, "assets.ui.weapon.mp7"
723, "RadioButton_selectedDisabledIcon"
724, "assets.ui.view.InventoryLargeTab"
725, "fl.events.DataGridEventReason"
726, "RadioButton_selectedOverIcon"
727, "ColumnStretch_cursor"
728, "ScrollArrowDown_disabledSkin"
729, "fl.managers.IFocusManagerComponent"
730, "assets.ui.weaponIcon.Gun12"
731, "assets.ui.weaponIcon.Gun17"
732, "ui_fla.ButtonUpgradePath_82"
733, "assets.ui.weaponIcon.Gun8"
734, "assets.ui.weaponIcon.Gun3"
735, "CellRenderer_disabledSkin"
736, "Button_disabledSkin"
737, "fl.controls.Button"
738, "assets.ui.equipmentIcon.hands"
739, "ScrollArrowDown_overSkin"
740, "assets.ui.view.CharacterDetailsView"
741, "fl.controls.RadioButton"
742, "ScrollThumb_overSkin"
743, "Button_selectedUpSkin"
744, "fl.managers.StyleManager"
745, "fl.controls.listClasses.ListData"
746, "CellRenderer_upSkin"
747, "assets.ui.view.InventoryArmorButton"
748, "ScrollArrowUp_disabledSkin"
749, "assets.ui.equipmentIcon.body"
750, "fl.core.UIComponent"
751, "HeaderSortArrow_descIcon"
752, "Button_selectedDisabledSkin"
753, "assets.ui.equipmentIcon.feet"
754, "assets.ui.view.InventoryStarOn"
755, "fl.controls.ScrollBarDirection"
756, "assets.ui.view.InventoryWeaponListDetails"
757, "assets.ui.equipmentIcon.legs"
758, "assets.ui.weaponIcon.Gun14"
759, "assets.ui.view.inventory.AugmentationDetails"
760, "assets.ui.view.WeaponUpgradeDetails.UpgradePath"
761, "assets.ui.weaponIcon.Gun19"
762, "fl.controls.ScrollBar"
763, "assets.ui.weapon.rpg7"
764, "assets.ui.weaponIcon.Gun1"
765, "fl.events.ComponentEvent"
766, "fl.controls.RadioButtonGroup"
767, "assets.ui.view.hud.HudWeaponSelect"
768, "assets.ui.view.hud.HudTopRight"
769, "fl.controls.BaseButton"
770, "DataGridCellEditor_skin"
771, "assets.ui.view.InventoryWeaponList.WeaponList"
772, "com.ninjakiwi.sas4.ui.view.inventory.augmentation.TestControl"
773, "assets.ui.Test"
774, "fl.controls.dataGridClasses.HeaderRenderer"
775, "HeaderRenderer_upSkin"
776, "assets.ui.view.WeaponUpgradeDetails"
777, "assets.ui.weaponIcon.Gun7"
778, "ScrollArrowDown_downSkin"
779, "assets.ui.view.InventoryGunButton"
780, "fl.core.InvalidationType"
781, "assets.ui.view.SelectCharacterView.BtnSelectGroup"
782, "CellRenderer_downSkin"
783, "CellRenderer_overSkin"
784, "assets.ui.view.ButtonAugmentationSelect"
785, "assets.ui.weapon.m4a1"
786, "assets.ui.weaponIcon.Gun9"
787, "assets.ui.view.SelectCharacterView.CharacterButton"
788, "CellRenderer_selectedUpSkin"
789, "fl.controls.dataGridClasses.DataGridColumn"
790, "assets.ui.equipmentIcon.head"
791, "assets.ui.view.inventory.AugmentationAddButtonGroup"
792, "fl.controls.ScrollPolicy"
793, "assets.ui.view.hud.HudTopLeft"
794, "assets.ui.view.CharacterIconButton"
795, "fl.controls.listClasses.ICellRenderer"
796, "assets.ui.view.WeaponUpgradeStats"
797, "assets.ui.view.InventoryArmorListDetails"
798, "ScrollArrowUp_overSkin"
799, "fl.events.DataChangeType"
800, "focusRectSkin"
801, "assets.ui.view.InventoryListView"
802, "fl.data.DataProvider"
803, "Button_overSkin"
804, "assets.ui.view.inventory.AugmentationStatsGroup"
805, "fl.data.SimpleCollectionItem"
806, "HeaderRenderer_disabledSkin"
807, "RadioButton_downIcon"
808, "DataGrid_skin"
809, "assets.ui.view.Inventory.SupportList"
810, "assets.ui.view.inventory.AugmentationUpgrade"
811, "RadioButton_selectedUpIcon"
812, "fl.controls.Label"
813, "fl.controls.DataGrid"
814, "assets.ui.view.InventoryDetailsStarOn"
815, "assets.ui.view.CreateCharacterView"
816, "assets.ui.view.CharacterIcons"
817, "assets.ui.view.BarLevel"
818, "assets.ui.view.inventory.AugmentationBar"
819, "RadioButton_selectedDownIcon"
820, "ScrollThumb_downSkin"
821, "CellRenderer_selectedOverSkin"
822, "ScrollArrowUp_upSkin"
823, "ScrollArrowUp_downSkin"
824, "CellRenderer_selectedDownSkin"
825, "assets.ui.view.inventory.DEL_AugmentationUpgrade"
826, "assets.ui.weaponIcon.Gun15"
827, "fl.managers.FocusManager"
828, "assets.ui.view.InventoryDetailsStarOff"
829, "ScrollArrowDown_upSkin"
830, "RadioButton_overIcon"
831, "fl.events.DataChangeEvent"
832, "HeaderRenderer_selectedDownSkin"
833, "assets.ui.view.hud.HudBottomLeft"
834, "fl.controls.TextInput"
835, "ScrollThumb_upSkin"
836, "assets.ui.view.hud.HudBar"
837, "assets.ui.view.inventory.AugmentationSelect"
838, "fl.controls.dataGridClasses.DataGridCellEditor"
839, "assets.ui.view.inventory.AugmentationButtonGroup"
840, "assets.ui.weaponIcon.Gun6"
841, "fl.events.ScrollEvent"
842, "assets.ui.view.Inventory.ArmorList"
843, "fl.managers.IFocusManager"
844, "HeaderRenderer_downSkin"
845, "fl.core.ComponentShim"
846, "assets.ui.view.InventoryStarOff"
847, "ui_fla.ButtonAugmentationAdd_79"
848, "RadioButton_disabledIcon"
849, "CellRenderer_selectedDisabledSkin"
850, "assets.ui.weapon.asrhc1"
851, "ScrollTrack_skin"
852, "assets.ui.weaponIcon.Gun11"
853, "assets.ui.view.SelectCharacterView"
854, "assets.ui.weaponIcon.Gun13"
855, "Button_upSkin"
856, "fl.events.ListEvent"
857, "assets.ui.TestModel"
858, "HeaderSortArrow_ascIcon"
